id,building,date_sale,type,property#,area,price,sold,customer_id,year_sale,individual,birth_date,sex,country,state,purpose,deal_satisfaction,mortgage,source,full_name,age_at_purchase,age_interval,price_interval
1030,1,2005-11-01,apartment,30,743.09,246172.68,1,C0028,2005.0,1.0,1986-06-21,1,USA,California,home,5.0,0.0,website,Madalyn Mercer,19.0,"(19.0, 25.0]","(243776.371, 285847.138]"
1029,1,2005-10-01,apartment,29,756.21,246331.9,1,C0027,2005.0,1.0,1983-02-24,1,USA,California,home,5.0,0.0,website,Lara Carrillo,22.0,"(19.0, 25.0]","(243776.371, 285847.138]"
2002,2,2007-07-01,apartment,2,587.28,209280.91,1,C0112,2007.0,1.0,1985-12-27,0,USA,California,home,1.0,1.0,client,Donavan Flowers,21.0,"(19.0, 25.0]","(201705.604, 243776.371]"
2031,2,2007-12-01,apartment,31,1604.75,452667.01,1,C0160,2007.0,1.0,1985-12-27,0,USA,California,investment,3.0,1.0,website,Darien Dorsey,21.0,"(19.0, 25.0]","(412059.439, 454130.206]"
1049,1,2004-11-01,apartment,49,1375.45,467083.31,1,C0014,2004.0,1.0,1979-05-15,1,USA,California,home,4.0,0.0,agency,Alessandra Perry,25.0,"(25.0, 30.0]","(454130.206, 496200.973]"
3011,3,2007-09-01,apartment,11,675.19,203491.85,1,C0125,2007.0,1.0,1981-12-26,1,USA,Virginia,investment,5.0,0.0,client,Kaitlin Owen,25.0,"(25.0, 30.0]","(201705.604, 243776.371]"
3026,3,2007-09-01,apartment,26,670.89,212520.83,1,C0125,2007.0,1.0,1981-12-26,1,USA,Virginia,investment,5.0,0.0,client,Kaitlin Owen,25.0,"(25.0, 30.0]","(201705.604, 243776.371]"
3023,3,2008-01-01,apartment,23,720.81,198591.85,1,C0166,2008.0,1.0,1982-05-27,0,USA,California,home,5.0,0.0,client,Terry Forbes,25.0,"(25.0, 30.0]","(159634.837, 201705.604]"
1031,1,2006-06-01,apartment,31,782.25,265467.68,1,C0034,2006.0,1.0,1979-06-27,0,USA,Arizona,home,2.0,1.0,website,Kole Shannon,26.0,"(25.0, 30.0]","(243776.371, 285847.138]"
4023,4,2006-03-01,apartment,23,794.52,235633.26,1,C0170,2006.0,1.0,1979-12-03,1,USA,Virginia,investment,3.0,1.0,agency,Emmy Singh,26.0,"(25.0, 30.0]","(201705.604, 243776.371]"
1036,1,2004-10-01,apartment,36,1160.36,317473.86,1,C0009,2004.0,1.0,1976-08-17,1,USA,Oregon,home,1.0,0.0,agency,Arabella Ferrell,28.0,"(25.0, 30.0]","(285847.138, 327917.905]"
1046,1,2006-08-01,apartment,46,1942.5,503790.23,1,C0041,2006.0,1.0,1980-09-14,0,USA,California,home,5.0,0.0,website,Christian Costa,25.0,"(25.0, 30.0]","(496200.973, 538271.74]"
4035,4,2007-10-01,apartment,35,794.52,217786.38,1,C0057,2007.0,1.0,1978-06-04,1,USA,Nevada,home,3.0,1.0,website,Michelle Cameron,29.0,"(25.0, 30.0]","(201705.604, 243776.371]"
2036,2,2006-11-01,apartment,36,1109.25,460001.26,1,C0061,2006.0,1.0,1977-06-10,0,USA,California,home,2.0,0.0,website,Enrique Cardenas,29.0,"(25.0, 30.0]","(454130.206, 496200.973]"
2056,2,2007-04-01,apartment,56,1400.95,460001.26,1,C0089,2007.0,1.0,1978-12-03,1,USA,California,home,5.0,0.0,agency,Amanda Simon,28.0,"(25.0, 30.0]","(454130.206, 496200.973]"
1047,1,2007-12-01,apartment,47,1479.72,448134.27,1,C0159,2007.0,1.0,1978-09-14,0,USA,California,home,5.0,0.0,website,Kamden Stewart,29.0,"(25.0, 30.0]","(412059.439, 454130.206]"
5051,5,2006-03-01,apartment,51,790.54,249591.99,1,C0171,2006.0,1.0,1977-12-25,0,USA,Nevada,home,4.0,1.0,website,Skylar Buchanan,28.0,"(25.0, 30.0]","(243776.371, 285847.138]"
2007,2,2006-08-01,apartment,7,723.93,196142.19,1,C0042,2006.0,1.0,1976-12-25,0,USA,Colorado,home,4.0,1.0,agency,Michael Juarez,29.0,"(25.0, 30.0]","(159634.837, 201705.604]"
3020,3,2007-04-01,apartment,20,781.07,258572.48,1,C0093,2007.0,1.0,1977-01-08,0,USA,Arizona,home,3.0,0.0,client,Antonio Porter,30.0,"(25.0, 30.0]","(243776.371, 285847.138]"
3029,3,2007-04-01,apartment,29,1127.76,310831.21,1,C0093,2007.0,1.0,1977-01-08,0,USA,Arizona,home,3.0,0.0,client,Antonio Porter,30.0,"(25.0, 30.0]","(285847.138, 327917.905]"
3015,3,2006-10-01,apartment,15,720.7,207281.59,1,C0051,2006.0,1.0,1975-03-22,0,USA,Nevada,home,5.0,0.0,website,Conner Huff,31.0,"(30.0, 36.0]","(201705.604, 243776.371]"
2004,2,2006-12-01,apartment,4,649.69,168834.04,1,C0064,2006.0,1.0,1975-10-05,0,USA,California,investment,5.0,0.0,agency,Joaquin Mullins,31.0,"(30.0, 36.0]","(159634.837, 201705.604]"
2006,2,2006-12-01,apartment,6,1307.45,396973.83,1,C0064,2006.0,1.0,1975-10-05,0,USA,California,investment,5.0,0.0,agency,Joaquin Mullins,31.0,"(30.0, 36.0]","(369988.672, 412059.439]"
5013,5,2007-09-01,apartment,13,618.38,188743.11,1,C0128,2007.0,1.0,1976-02-26,1,USA,Colorado,home,4.0,1.0,agency,Kyla Walker,31.0,"(30.0, 36.0]","(159634.837, 201705.604]"
1026,1,2005-03-01,apartment,26,625.8,179674.08,1,C0019,2005.0,1.0,1973-09-01,0,USA,California,home,4.0,0.0,website,Victor Jensen,31.0,"(30.0, 36.0]","(159634.837, 201705.604]"
2054,2,2006-06-01,apartment,54,1203.29,306363.64,1,C0037,2006.0,1.0,1974-03-27,0,USA,California,home,5.0,1.0,client,Tyler Carr,32.0,"(30.0, 36.0]","(285847.138, 327917.905]"
3033,3,2007-09-01,apartment,33,670.89,200300.63,1,C0127,2007.0,1.0,1975-08-12,1,USA,Utah,home,1.0,1.0,website,Maia Chandler,32.0,"(30.0, 36.0]","(159634.837, 201705.604]"
1025,1,2005-03-01,apartment,25,1434.09,382041.13,1,C0018,2005.0,1.0,1972-03-26,0,USA,California,home,1.0,0.0,agency,Rodrigo Ramirez,32.0,"(30.0, 36.0]","(369988.672, 412059.439]"
3027,3,2006-08-01,apartment,27,781.07,245572.79,1,C0040,2006.0,1.0,1973-09-15,0,USA,California,home,3.0,0.0,website,Gianni Fritz,32.0,"(30.0, 36.0]","(243776.371, 285847.138]"
3031,3,2007-03-01,apartment,31,1596.35,407214.29,1,C0080,2007.0,1.0,1974-12-25,1,USA,California,investment,4.0,0.0,client,Janelle Espinoza,32.0,"(30.0, 36.0]","(369988.672, 412059.439]"
2043,2,2007-04-01,apartment,43,1110.32,355073.4,1,C0083,2007.0,1.0,1974-07-18,0,USA,Nevada,home,2.0,1.0,website,Julio Leonard,32.0,"(30.0, 36.0]","(327917.905, 369988.672]"
3034,3,2007-04-01,apartment,34,781.07,256821.64,1,C0085,2007.0,1.0,1974-12-25,1,USA,California,investment,3.0,0.0,client,Melanie Holland,32.0,"(30.0, 36.0]","(243776.371, 285847.138]"
3016,3,2007-04-01,apartment,16,697.89,226342.8,1,C0091,2007.0,1.0,1974-02-10,0,UK,,investment,4.0,0.0,agency,Gordon Brown,33.0,"(30.0, 36.0]","(201705.604, 243776.371]"
1018,1,2004-10-01,apartment,18,625.8,191389.87,1,C0007,2004.0,1.0,1970-05-05,1,USA,California,home,3.0,0.0,website,Jaelyn Berger,34.0,"(30.0, 36.0]","(159634.837, 201705.604]"
2050,2,2006-09-01,apartment,50,957.53,297008.97,1,C0048,2006.0,1.0,1972-07-11,1,USA,California,investment,2.0,0.0,agency,Adriana Shaffer,34.0,"(30.0, 36.0]","(285847.138, 327917.905]"
2044,2,2007-01-01,apartment,44,722.96,250773.15,1,C0065,2007.0,1.0,1973-06-07,1,USA,California,home,5.0,1.0,agency,Mara Franco,33.0,"(30.0, 36.0]","(243776.371, 285847.138]"
3039,3,2007-05-01,apartment,39,923.21,312211.14,1,C0096,2007.0,1.0,1973-12-15,0,USA,Colorado,home,3.0,0.0,website,Kael Hurley,33.0,"(30.0, 36.0]","(285847.138, 327917.905]"
3053,3,2007-12-01,apartment,53,670.24,190119.5,1,C0164,2007.0,1.0,1973-08-18,1,USA,California,home,1.0,1.0,agency,Belinda Hogan,34.0,"(30.0, 36.0]","(159634.837, 201705.604]"
2041,2,2006-07-01,apartment,41,785.48,225050.52,1,C0038,2006.0,1.0,1971-12-02,0,USA,California,home,1.0,0.0,website,Mohammad Irwin,34.0,"(30.0, 36.0]","(201705.604, 243776.371]"
5035,5,2008-05-01,apartment,35,798.28,261742.74,1,C0087,2008.0,1.0,1973-07-17,0,USA,Arizona,investment,5.0,0.0,website,Warren Pugh,34.0,"(30.0, 36.0]","(243776.371, 285847.138]"
4005,4,2007-11-01,apartment,5,1121.95,344530.89,1,C0142,2007.0,1.0,1972-05-07,1,USA,California,home,5.0,0.0,website,Kassidy Vega,35.0,"(30.0, 36.0]","(327917.905, 369988.672]"
1032,1,2005-01-01,apartment,32,782.25,215410.28,1,C0015,2005.0,1.0,1969-10-30,1,Belgium,,home,2.0,0.0,agency,Lauryn Patrick,35.0,"(30.0, 36.0]","(201705.604, 243776.371]"
3046,3,2007-08-01,apartment,46,923.21,252185.99,1,C0122,2007.0,1.0,1971-05-29,0,USA,Kansas,home,3.0,0.0,website,Brock Fischer,36.0,"(30.0, 36.0]","(243776.371, 285847.138]"
1041,1,2005-03-01,apartment,41,1434.09,480545.81,1,C0017,2005.0,1.0,1968-08-25,0,USA,California,home,2.0,1.0,website,Memphis Mcconnell,36.0,"(30.0, 36.0]","(454130.206, 496200.973]"
1012,1,2005-03-01,apartment,12,1160.36,300385.62,1,C0020,2005.0,1.0,1968-09-08,0,USA,California,home,5.0,1.0,website,Grant Weber,36.0,"(30.0, 36.0]","(285847.138, 327917.905]"
5033,5,2008-05-01,apartment,33,798.28,240539.35,1,C0086,2008.0,1.0,1971-08-20,1,USA,California,home,1.0,0.0,website,Jace Riggs,36.0,"(30.0, 36.0]","(201705.604, 243776.371]"
4006,4,2006-07-01,apartment,6,733.19,222138.72,1,C0150,2006.0,1.0,1969-06-05,0,USA,California,home,3.0,0.0,website,Emmett Estes,37.0,"(36.0, 42.0]","(201705.604, 243776.371]"
5040,5,2007-12-01,apartment,40,798.28,228410.05,1,C0156,2007.0,1.0,1970-04-01,0,USA,California,investment,4.0,0.0,website,Isis Rios,37.0,"(36.0, 42.0]","(201705.604, 243776.371]"
4013,4,2007-01-01,apartment,13,733.19,197053.51,1,C0169,2007.0,1.0,1970-07-31,0,USA,Colorado,home,2.0,0.0,agency,Mason Gilbert,36.0,"(30.0, 36.0]","(159634.837, 201705.604]"
1003,1,2005-06-01,office,3,717.05,193660.62,1,C0022,2005.0,1.0,1967-04-13,0,USA,Arizona,home,1.0,1.0,website,Zain Horne,38.0,"(36.0, 42.0]","(159634.837, 201705.604]"
2009,2,2007-03-01,apartment,9,747.5,237060.15,1,C0072,2007.0,1.0,1969-04-19,0,USA,Colorado,investment,4.0,1.0,agency,Dayton Hatfield,37.0,"(36.0, 42.0]","(201705.604, 243776.371]"
4024,4,2007-11-01,apartment,24,1121.95,372001.7,1,C0136,2007.0,1.0,1969-10-14,1,USA,California,home,5.0,1.0,website,Annabel Robles,38.0,"(36.0, 42.0]","(369988.672, 412059.439]"
4012,4,2007-11-01,apartment,12,1121.95,290031.26,1,C0149,2007.0,1.0,1969-10-17,1,USA,California,home,5.0,0.0,website,Kayden Olsen,38.0,"(36.0, 42.0]","(285847.138, 327917.905]"
1035,1,2004-10-01,apartment,35,827.87,238811.06,1,C0011,2004.0,1.0,1965-07-20,0,USA,Nevada,home,1.0,1.0,agency,Davion Stout,39.0,"(36.0, 42.0]","(201705.604, 243776.371]"
2017,2,2007-03-01,apartment,17,747.5,199054.2,1,C0073,2007.0,1.0,1968-10-12,0,USA,Colorado,investment,2.0,0.0,agency,Kevin Mata,38.0,"(36.0, 42.0]","(159634.837, 201705.604]"
4051,4,2007-03-01,apartment,51,1608.84,496266.41,1,C0110,2007.0,1.0,1968-05-11,1,USA,California,home,4.0,1.0,website,Kareem Liu,38.0,"(36.0, 42.0]","(496200.973, 538271.74]"
3014,3,2007-07-01,apartment,14,1132.06,346906.89,1,C0111,2007.0,1.0,1968-12-20,1,USA,California,home,3.0,1.0,website,Grace Stein,38.0,"(36.0, 42.0]","(327917.905, 369988.672]"
2051,2,2007-09-01,apartment,51,1383.84,376964.62,1,C0123,2007.0,1.0,1968-08-14,1,USA,California,home,3.0,1.0,website,Lydia Tate,39.0,"(36.0, 42.0]","(369988.672, 412059.439]"
2025,2,2007-02-01,apartment,25,927.83,315733.15,1,C0070,2007.0,1.0,1967-06-13,1,Russia,,home,1.0,0.0,agency,Aleksandra Karenina,39.0,"(36.0, 42.0]","(285847.138, 327917.905]"
3047,3,2007-03-01,apartment,47,669.16,188273.73,1,C0075,2007.0,1.0,1967-01-19,1,USA,California,investment,2.0,1.0,agency,Sincere Hansen,40.0,"(36.0, 42.0]","(159634.837, 201705.604]"
2046,2,2007-03-01,apartment,46,928.16,253831.02,1,C0076,2007.0,1.0,1967-02-07,0,USA,California,home,2.0,1.0,agency,Luke Lynn,40.0,"(36.0, 42.0]","(243776.371, 285847.138]"
5016,5,2007-06-01,apartment,16,798.5,278575.87,1,C0105,2007.0,1.0,1967-02-03,1,USA,Oregon,investment,2.0,0.0,client,Myla Ewing,40.0,"(36.0, 42.0]","(243776.371, 285847.138]"
4041,4,2007-10-01,apartment,41,1305.62,402081.8,1,C0135,2007.0,1.0,1967-05-12,0,USA,Utah,home,5.0,0.0,agency,Morgan Glass,40.0,"(36.0, 42.0]","(369988.672, 412059.439]"
4018,4,2007-11-01,apartment,18,1121.95,310832.59,1,C0153,2007.0,1.0,1967-10-17,1,USA,California,home,5.0,0.0,website,Camille Sharp,40.0,"(36.0, 42.0]","(285847.138, 327917.905]"
2005,2,2006-09-01,apartment,5,785.48,257183.48,1,C0047,2006.0,1.0,1965-01-11,1,Denmark,,investment,1.0,0.0,agency,Alejandra Greer,41.0,"(36.0, 42.0]","(243776.371, 285847.138]"
2010,2,2006-11-01,apartment,10,927.08,326885.34,1,C0060,2006.0,1.0,1965-01-24,1,USA,California,home,4.0,1.0,agency,Valentina Simpson,41.0,"(36.0, 42.0]","(285847.138, 327917.905]"
2022,2,2007-01-01,apartment,22,1109.25,344568.74,1,C0066,2007.0,1.0,1966-02-26,1,USA,Colorado,home,5.0,1.0,agency,Helen Williamson,40.0,"(36.0, 42.0]","(327917.905, 369988.672]"
2047,2,2007-02-01,apartment,47,649.8,214631.68,1,C0068,2007.0,1.0,1966-06-17,0,USA,Oregon,investment,3.0,0.0,agency,Nicolas Navarro,40.0,"(36.0, 42.0]","(201705.604, 243776.371]"
2012,2,2007-04-01,apartment,12,785.48,237207.68,1,C0090,2007.0,1.0,1966-05-26,1,USA,California,home,5.0,0.0,website,Case Sanchez,40.0,"(36.0, 42.0]","(201705.604, 243776.371]"
3038,3,2007-05-01,apartment,38,1596.35,464549.19,1,C0095,2007.0,1.0,1966-08-11,0,USA,California,home,4.0,0.0,website,Rodrigo Robinson,40.0,"(36.0, 42.0]","(454130.206, 496200.973]"
4030,4,2007-11-01,apartment,30,1121.95,310577.04,1,C0151,2007.0,1.0,1966-09-14,0,USA,California,home,4.0,1.0,agency,Iris Larsen,41.0,"(36.0, 42.0]","(285847.138, 327917.905]"
3017,3,2007-12-01,apartment,17,743.41,205098.21,1,C0162,2007.0,1.0,1966-09-14,0,Germany,,investment,5.0,0.0,agency,Araceli Nelson,41.0,"(36.0, 42.0]","(201705.604, 243776.371]"
1045,1,2004-10-01,apartment,45,756.21,248525.12,1,C0010,2004.0,1.0,1962-11-26,0,USA,California,home,1.0,0.0,website,Trystan Oconnor,41.0,"(36.0, 42.0]","(243776.371, 285847.138]"
2040,2,2006-10-01,apartment,40,649.8,224463.87,1,C0054,2006.0,1.0,1964-12-07,0,USA,Oregon,investment,5.0,0.0,agency,Erik Mora,41.0,"(36.0, 42.0]","(201705.604, 243776.371]"
2042,2,2006-11-01,apartment,42,785.48,220606.28,1,C0056,2006.0,1.0,1964-11-30,1,USA,California,home,4.0,0.0,website,Emely Watts,41.0,"(36.0, 42.0]","(201705.604, 243776.371]"
2048,2,2007-03-01,apartment,48,785.48,220865.0,1,C0081,2007.0,1.0,1965-04-04,0,USA,Nevada,investment,3.0,1.0,website,Jordyn Park,41.0,"(36.0, 42.0]","(201705.604, 243776.371]"
3049,3,2007-04-01,apartment,49,1283.45,338181.18,1,C0084,2007.0,1.0,1965-05-12,0,Mexico,,home,3.0,0.0,agency,Diego Mendez,41.0,"(36.0, 42.0]","(327917.905, 369988.672]"
1017,1,2005-02-01,apartment,17,1434.09,432679.91,1,C0016,2005.0,1.0,1962-08-10,0,USA,California,home,1.0,1.0,website,Harley Lucero,42.0,"(42.0, 48.0]","(412059.439, 454130.206]"
1039,1,2006-06-01,apartment,39,782.25,196220.05,1,C0035,2006.0,1.0,1957-10-29,1,USA,California,home,3.0,1.0,website,Emilie Morrison,48.0,"(48.0, 53.0]","(159634.837, 201705.604]"
2049,2,2006-11-01,apartment,49,1288.62,323915.81,1,C0062,2006.0,1.0,1963-07-15,1,USA,California,home,4.0,0.0,agency,Jaylen Turner,43.0,"(42.0, 48.0]","(285847.138, 327917.905]"
3054,3,2007-05-01,apartment,54,781.07,200719.02,1,C0099,2007.0,1.0,1964-03-16,0,USA,California,home,3.0,1.0,agency,Frank Meyer,43.0,"(42.0, 48.0]","(159634.837, 201705.604]"
3055,3,2007-05-01,apartment,55,1222.34,380809.52,1,C0099,2007.0,1.0,1964-03-16,0,USA,California,home,3.0,1.0,agency,Frank Meyer,43.0,"(42.0, 48.0]","(369988.672, 412059.439]"
3042,3,2007-07-01,apartment,42,781.07,213942.56,1,C0114,2007.0,1.0,1964-10-06,0,UK,,investment,4.0,0.0,agency,Jakobe Bailey,42.0,"(42.0, 48.0]","(201705.604, 243776.371]"
1038,1,2004-08-01,apartment,38,743.09,207581.43,1,C0006,2004.0,1.0,1956-06-17,1,USA,California,home,2.0,1.0,website,Laci Guerra,48.0,"(48.0, 53.0]","(201705.604, 243776.371]"
2020,2,2006-10-01,apartment,20,785.48,241671.52,1,C0053,2006.0,1.0,1962-01-20,1,USA,California,home,5.0,1.0,website,Scarlet Hendricks,44.0,"(42.0, 48.0]","(201705.604, 243776.371]"
2014,2,2007-02-01,apartment,14,1109.25,336695.25,1,C0069,2007.0,1.0,1963-11-05,0,USA,California,investment,4.0,0.0,website,Alonso Terrell,43.0,"(42.0, 48.0]","(327917.905, 369988.672]"
3001,3,2007-08-01,apartment,1,579.75,171262.65,1,C0069,2007.0,1.0,1963-11-05,0,USA,California,investment,4.0,0.0,website,Alonso Terrell,43.0,"(42.0, 48.0]","(159634.837, 201705.604]"
3043,3,2007-11-01,apartment,43,1128.4,299159.14,1,C0069,2007.0,1.0,1963-11-05,0,USA,California,investment,4.0,0.0,website,Alonso Terrell,43.0,"(42.0, 48.0]","(285847.138, 327917.905]"
2016,2,2007-03-01,apartment,16,701.66,212265.67,1,C0077,2007.0,1.0,1963-02-01,0,USA,Colorado,home,2.0,0.0,website,Hazel Ayers,44.0,"(42.0, 48.0]","(201705.604, 243776.371]"
4049,4,2008-01-01,apartment,49,1336.93,388515.14,1,C0168,2008.0,1.0,1964-09-24,1,USA,California,home,5.0,0.0,client,Brisa Mckee,43.0,"(42.0, 48.0]","(369988.672, 412059.439]"
4022,4,2007-08-01,apartment,22,794.52,263790.81,1,C0058,2007.0,1.0,1962-08-25,1,USA,California,home,4.0,1.0,website,Johanna Fisher,44.0,"(42.0, 48.0]","(243776.371, 285847.138]"
3059,3,2007-06-01,apartment,59,1171.55,367976.46,1,C0107,2007.0,1.0,1962-09-11,0,USA,California,home,2.0,0.0,agency,Curtis Howard,44.0,"(42.0, 48.0]","(327917.905, 369988.672]"
4034,4,2007-10-01,apartment,34,794.52,243052.59,1,C0131,2007.0,1.0,1962-01-21,1,USA,California,home,1.0,1.0,website,Kamila Collier,45.0,"(42.0, 48.0]","(201705.604, 243776.371]"
5027,5,2007-11-01,apartment,27,798.28,269075.3,1,C0144,2007.0,1.0,1962-09-23,0,USA,California,investment,5.0,0.0,website,Joseph Reeves,45.0,"(42.0, 48.0]","(243776.371, 285847.138]"
5028,5,2007-11-01,apartment,28,798.28,223577.32,1,C0144,2007.0,1.0,1962-09-23,0,USA,California,investment,5.0,0.0,website,Joseph Reeves,45.0,"(42.0, 48.0]","(201705.604, 243776.371]"
2026,2,2006-09-01,apartment,26,649.8,198075.99,1,C0048,2006.0,1.0,1972-07-11,1,USA,California,investment,2.0,0.0,agency,Adriana Shaffer,34.0,"(30.0, 36.0]","(159634.837, 201705.604]"
3022,3,2007-05-01,apartment,22,1137.44,354553.23,1,C0098,2007.0,1.0,1960-06-16,0,USA,California,home,2.0,0.0,website,Oswaldo Palmer,46.0,"(42.0, 48.0]","(327917.905, 369988.672]"
2024,2,2005-06-01,apartment,24,1604.75,456919.46,1,C0130,2005.0,1.0,1958-02-24,0,USA,California,home,1.0,0.0,website,Ezra Lozano,47.0,"(42.0, 48.0]","(454130.206, 496200.973]"
3003,3,2007-11-01,apartment,3,675.19,233142.8,1,C0141,2007.0,1.0,1960-10-01,1,USA,California,investment,1.0,1.0,agency,Melany Glover,47.0,"(42.0, 48.0]","(201705.604, 243776.371]"
2011,2,2007-01-01,apartment,11,649.69,225401.62,1,C0067,2007.0,1.0,1959-11-13,1,USA,California,home,4.0,0.0,website,Jacqueline Grant,47.0,"(42.0, 48.0]","(201705.604, 243776.371]"
2028,2,2007-04-01,apartment,28,785.48,195153.16,1,C0082,2007.0,1.0,1959-01-01,1,USA,Oregon,investment,5.0,0.0,client,Violet Nixon,48.0,"(48.0, 53.0]","(159634.837, 201705.604]"
3028,3,2007-07-01,apartment,28,781.07,206631.81,1,C0113,2007.0,1.0,1959-06-11,1,USA,California,home,4.0,0.0,website,Anya Stephenson,48.0,"(48.0, 53.0]","(201705.604, 243776.371]"
3036,3,2007-10-01,apartment,36,1127.76,358525.59,1,C0132,2007.0,1.0,1959-04-07,0,USA,California,home,4.0,1.0,agency,Kale Gay,48.0,"(48.0, 53.0]","(327917.905, 369988.672]"
4010,4,2007-11-01,apartment,10,794.52,223917.34,1,C0137,2007.0,1.0,1959-11-25,0,USA,California,home,5.0,0.0,website,Russell Gross,47.0,"(42.0, 48.0]","(201705.604, 243776.371]"
4011,4,2007-11-01,apartment,11,794.52,201518.89,1,C0137,2007.0,1.0,1959-11-25,0,USA,California,home,5.0,0.0,website,Russell Gross,47.0,"(42.0, 48.0]","(159634.837, 201705.604]"
3035,3,2007-12-01,apartment,35,781.07,269278.57,1,C0155,2007.0,1.0,1959-08-06,0,USA,California,home,4.0,1.0,agency,Laurel Benitez,48.0,"(48.0, 53.0]","(243776.371, 285847.138]"
3037,3,2007-12-01,apartment,37,720.81,204808.16,1,C0163,2007.0,1.0,1959-11-03,1,USA,California,investment,2.0,1.0,website,Aniyah Ali,48.0,"(48.0, 53.0]","(201705.604, 243776.371]"
2032,2,2006-08-01,apartment,32,927.83,306878.46,1,C0039,2006.0,1.0,1957-03-20,0,USA,California,home,3.0,1.0,agency,Derick Li,49.0,"(48.0, 53.0]","(285847.138, 327917.905]"
2018,2,2007-02-01,apartment,18,927.83,275394.25,1,C0071,2007.0,1.0,1958-12-06,0,USA,California,home,3.0,1.0,website,Cole Taylor,48.0,"(48.0, 53.0]","(243776.371, 285847.138]"
2035,2,2007-05-01,apartment,35,785.48,192092.24,1,C0101,2007.0,1.0,1958-04-15,1,USA,California,home,3.0,0.0,client,Ava Phelps,49.0,"(48.0, 53.0]","(159634.837, 201705.604]"
5025,5,2008-12-01,apartment,25,618.16,165430.28,1,C0146,2008.0,1.0,1959-06-05,1,USA,California,investment,5.0,1.0,agency,Nyla Blake,49.0,"(48.0, 53.0]","(159634.837, 201705.604]"
2029,2,2006-09-01,apartment,29,1109.25,310223.29,1,C0051,2006.0,1.0,1975-03-22,0,USA,Nevada,home,5.0,0.0,website,Conner Huff,31.0,"(30.0, 36.0]","(285847.138, 327917.905]"
3007,3,2006-10-01,apartment,7,720.7,231552.33,1,C0052,2006.0,1.0,1956-03-13,0,USA,California,home,5.0,0.0,agency,Tristian Fuller,50.0,"(48.0, 53.0]","(201705.604, 243776.371]"
3030,3,2006-10-01,apartment,30,720.81,215774.28,1,C0052,2006.0,1.0,1956-03-13,0,USA,California,home,5.0,0.0,agency,Tristian Fuller,50.0,"(48.0, 53.0]","(201705.604, 243776.371]"
2003,2,2006-12-01,apartment,3,927.08,289727.99,1,C0063,2006.0,1.0,1955-12-02,0,Russia,,investment,3.0,0.0,agency,Piotr Aleksandrov,50.0,"(48.0, 53.0]","(285847.138, 327917.905]"
5039,5,2008-05-01,apartment,39,798.28,195874.94,1,C0088,2008.0,1.0,1957-03-06,0,USA,California,home,3.0,1.0,website,Yurem Wright,51.0,"(48.0, 53.0]","(159634.837, 201705.604]"
5030,5,2010-05-01,apartment,30,1057.92,357538.2,1,C0094,2010.0,1.0,1959-04-20,0,USA,Nevada,home,3.0,1.0,website,Luis Crane,51.0,"(48.0, 53.0]","(327917.905, 369988.672]"
3041,3,2008-01-01,apartment,41,781.07,239248.75,1,C0165,2008.0,1.0,1957-09-09,0,USA,California,home,5.0,1.0,client,Anahi Curry,50.0,"(48.0, 53.0]","(201705.604, 243776.371]"
2057,2,2006-09-01,apartment,57,1396.86,382277.15,1,C0044,2006.0,1.0,1954-09-29,0,USA,California,home,4.0,0.0,agency,Ramiro Oneill,51.0,"(48.0, 53.0]","(369988.672, 412059.439]"
4028,4,2007-02-01,apartment,28,794.52,248422.66,1,C0157,2007.0,1.0,1955-08-07,1,USA,California,investment,4.0,0.0,website,Erika Steward,51.0,"(48.0, 53.0]","(243776.371, 285847.138]"
3032,3,2007-08-01,apartment,32,923.21,242740.66,1,C0118,2007.0,1.0,1954-02-27,0,Belgium,,investment,4.0,0.0,website,Dangelo Shea,53.0,"(48.0, 53.0]","(201705.604, 243776.371]"
3013,3,2007-08-01,apartment,13,781.07,253025.78,1,C0119,2007.0,1.0,1954-01-07,0,USA,Arizona,home,4.0,0.0,agency,Miguel Walter,53.0,"(48.0, 53.0]","(243776.371, 285847.138]"
1040,1,2006-04-01,apartment,40,782.25,234172.39,1,C0033,2006.0,1.0,1952-06-19,1,USA,Nevada,home,3.0,0.0,website,Alanna Hess,53.0,"(48.0, 53.0]","(201705.604, 243776.371]"
4031,4,2007-06-01,apartment,31,733.19,200678.75,1,C0100,2007.0,1.0,1953-06-09,0,USA,Colorado,home,4.0,0.0,website,Simon Bennett,53.0,"(48.0, 53.0]","(159634.837, 201705.604]"
4019,4,2007-12-01,apartment,19,733.19,226578.51,1,C0133,2007.0,1.0,1953-09-15,0,USA,California,home,4.0,0.0,website,Ivan Bright,54.0,"(53.0, 59.0]","(201705.604, 243776.371]"
4029,4,2007-11-01,apartment,29,794.52,200148.89,1,C0175,2007.0,1.0,1953-07-30,1,USA,California,home,4.0,1.0,website,Madeline Michael,54.0,"(53.0, 59.0]","(159634.837, 201705.604]"
1021,1,2004-10-01,apartment,21,756.21,218585.92,1,C0008,2004.0,1.0,1949-07-14,0,USA,Utah,investment,4.0,0.0,agency,Arthur Bray,55.0,"(53.0, 59.0]","(201705.604, 243776.371]"
1006,1,2005-08-01,apartment,6,736.63,198841.7,1,C0023,2005.0,1.0,1950-07-18,0,USA,Nevada,home,2.0,0.0,website,Bennett Chen,55.0,"(53.0, 59.0]","(159634.837, 201705.604]"
2034,2,2007-07-01,apartment,34,785.48,252927.84,1,C0108,2007.0,1.0,1952-05-15,0,USA,Colorado,home,2.0,1.0,client,Van Charles,55.0,"(53.0, 59.0]","(243776.371, 285847.138]"
3021,3,2007-07-01,apartment,21,781.07,225290.22,1,C0109,2007.0,1.0,1952-06-18,1,USA,California,home,3.0,0.0,website,Rachel Cross,55.0,"(53.0, 59.0]","(201705.604, 243776.371]"
5021,5,2008-12-01,apartment,21,798.28,234750.59,1,C0145,2008.0,1.0,1953-02-03,0,USA,Nevada,investment,2.0,0.0,website,Augustus Hinton,55.0,"(53.0, 59.0]","(201705.604, 243776.371]"
5022,5,2008-12-01,apartment,22,798.28,287466.41,1,C0145,2008.0,1.0,1953-02-03,0,USA,Nevada,investment,2.0,0.0,website,Augustus Hinton,55.0,"(53.0, 59.0]","(285847.138, 327917.905]"
1044,1,2004-06-01,apartment,44,827.87,229464.71,1,C0003,2004.0,1.0,1948-04-23,1,USA,California,home,5.0,0.0,website,Avah Huang,56.0,"(53.0, 59.0]","(201705.604, 243776.371]"
1043,1,2004-06-01,apartment,43,1160.36,377313.56,1,C0004,2004.0,1.0,1948-04-23,1,USA,California,home,5.0,0.0,website,Nora Lynch,56.0,"(53.0, 59.0]","(369988.672, 412059.439]"
1027,1,2005-08-01,apartment,27,827.87,276759.18,1,C0024,2005.0,1.0,1949-11-14,0,USA,California,home,3.0,0.0,agency,Irvin Ellis,55.0,"(53.0, 59.0]","(243776.371, 285847.138]"
2023,2,2005-12-01,apartment,23,723.83,219373.41,1,C0030,2005.0,1.0,1949-01-16,1,USA,California,investment,3.0,0.0,website,Aiyana Christensen,56.0,"(53.0, 59.0]","(201705.604, 243776.371]"
5046,5,2007-11-01,apartment,46,798.28,230216.22,1,C0147,2007.0,1.0,1951-11-10,0,USA,California,home,5.0,0.0,website,Parker Poole,55.0,"(53.0, 59.0]","(201705.604, 243776.371]"
1002,1,2004-03-01,office,2,1238.58,410932.67,1,C0002,2004.0,1.0,1947-02-13,0,USA,California,investment,5.0,1.0,website,Jack Anderson,57.0,"(53.0, 59.0]","(369988.672, 412059.439]"
2030,2,2005-12-01,apartment,30,723.83,214341.34,1,C0031,2005.0,1.0,1948-02-20,0,USA,Utah,home,4.0,0.0,client,Cedric Goodwin,57.0,"(53.0, 59.0]","(201705.604, 243776.371]"
3050,3,2006-11-01,apartment,50,977.87,248274.31,1,C0059,2006.0,1.0,1949-06-22,1,Russia,,home,3.0,1.0,agency,Elena Petrova,57.0,"(53.0, 59.0]","(243776.371, 285847.138]"
5050,5,2007-11-01,apartment,50,1093.0,390494.27,1,C0140,2007.0,1.0,1951-03-02,1,USA,Nevada,home,3.0,0.0,website,Aniya Miller,56.0,"(53.0, 59.0]","(369988.672, 412059.439]"
2039,2,2006-08-01,apartment,39,927.83,293876.27,1,C0043,2006.0,1.0,1947-04-27,1,USA,Arizona,home,4.0,1.0,website,Kayley Nielsen,59.0,"(59.0, 65.0]","(285847.138, 327917.905]"
2008,2,2007-03-01,apartment,8,701.66,204286.67,1,C0078,2007.0,1.0,1948-02-23,0,USA,Wyoming,home,3.0,0.0,agency,Zaiden Merritt,59.0,"(59.0, 65.0]","(201705.604, 243776.371]"
3019,3,2007-09-01,apartment,19,680.57,230154.53,1,C0124,2007.0,1.0,1948-11-09,1,USA,Oregon,investment,5.0,0.0,agency,Sonia Choi,58.0,"(53.0, 59.0]","(201705.604, 243776.371]"
2015,2,2006-09-01,apartment,15,723.93,228170.03,1,C0049,2006.0,1.0,1958-12-20,0,USA,California,home,4.0,0.0,agency,Trey Strong,47.0,"(42.0, 48.0]","(201705.604, 243776.371]"
2033,2,2006-09-01,apartment,33,649.8,205085.4,1,C0049,2006.0,1.0,1958-12-20,0,USA,California,home,4.0,0.0,agency,Trey Strong,47.0,"(42.0, 48.0]","(201705.604, 243776.371]"
2019,2,2007-03-01,apartment,19,649.8,177555.06,1,C0079,2007.0,1.0,1947-05-24,0,Canada,,investment,5.0,0.0,website,Xavier Faulkner,59.0,"(59.0, 65.0]","(159634.837, 201705.604]"
2021,2,2007-04-01,apartment,21,785.48,217748.48,1,C0079,2007.0,1.0,1947-05-24,0,Canada,,investment,5.0,0.0,website,Xavier Faulkner,59.0,"(59.0, 65.0]","(201705.604, 243776.371]"
2027,2,2007-04-01,apartment,27,785.48,247739.44,1,C0079,2007.0,1.0,1947-05-24,0,Canada,,investment,5.0,0.0,website,Xavier Faulkner,59.0,"(59.0, 65.0]","(243776.371, 285847.138]"
2052,2,2007-03-01,apartment,52,1615.29,484458.03,1,C0079,2007.0,1.0,1947-05-24,0,Canada,,investment,5.0,0.0,website,Xavier Faulkner,59.0,"(59.0, 65.0]","(454130.206, 496200.973]"
3006,3,2007-02-01,apartment,6,1132.06,356506.37,1,C0079,2007.0,1.0,1947-05-24,0,Canada,,investment,5.0,0.0,website,Xavier Faulkner,59.0,"(59.0, 65.0]","(327917.905, 369988.672]"
3044,3,2007-03-01,apartment,44,720.38,197869.36,1,C0079,2007.0,1.0,1947-05-24,0,Canada,,investment,5.0,0.0,website,Xavier Faulkner,59.0,"(59.0, 65.0]","(159634.837, 201705.604]"
4025,4,2007-12-01,apartment,25,733.19,236608.95,1,C0079,2007.0,1.0,1947-05-24,0,Canada,,investment,5.0,0.0,website,Xavier Faulkner,60.0,"(59.0, 65.0]","(201705.604, 243776.371]"
1015,1,2004-11-01,apartment,15,782.25,208930.81,1,C0013,2004.0,1.0,1943-06-18,0,USA,Virginia,home,5.0,1.0,website,Franklin Mack,61.0,"(59.0, 65.0]","(201705.604, 243776.371]"
5041,5,2007-11-01,apartment,41,798.28,263123.42,1,C0139,2007.0,1.0,1946-09-14,0,USA,California,investment,4.0,0.0,agency,Logan Simmons,61.0,"(59.0, 65.0]","(243776.371, 285847.138]"
5036,5,2007-11-01,apartment,36,1057.92,286433.57,1,C0154,2007.0,1.0,1943-07-24,1,USA,California,home,4.0,1.0,website,Sidney Cline,64.0,"(59.0, 65.0]","(285847.138, 327917.905]"
2037,2,2006-09-01,apartment,37,723.83,229581.78,1,C0045,2006.0,1.0,1941-03-03,1,USA,Colorado,home,3.0,0.0,agency,Matilda Madden,65.0,"(65.0, 70.0]","(201705.604, 243776.371]"
5034,5,2007-10-01,apartment,34,798.28,252053.03,1,C0134,2007.0,1.0,1942-07-23,1,USA,Arizona,home,4.0,0.0,website,Yesenia Marquez,65.0,"(65.0, 70.0]","(243776.371, 285847.138]"
4016,4,2007-11-01,apartment,16,794.52,244820.67,1,C0138,2007.0,1.0,1942-04-14,0,USA,California,home,3.0,0.0,website,Colin Campos,65.0,"(65.0, 70.0]","(243776.371, 285847.138]"
4040,4,2007-12-01,apartment,40,794.52,241620.48,1,C0158,2007.0,1.0,1942-07-19,1,USA,California,home,1.0,1.0,website,Erika Gallagher,65.0,"(65.0, 70.0]","(201705.604, 243776.371]"
1024,1,2006-06-01,apartment,24,782.25,235762.34,1,C0036,2006.0,1.0,1940-03-05,0,USA,California,home,5.0,0.0,website,Jair Johns,66.0,"(65.0, 70.0]","(201705.604, 243776.371]"
2013,2,2007-03-01,apartment,13,785.48,236639.56,1,C0074,2007.0,1.0,1941-08-19,1,USA,California,home,5.0,0.0,client,Jaylynn Hickman,65.0,"(65.0, 70.0]","(201705.604, 243776.371]"
3010,3,2007-08-01,apartment,10,923.21,294807.65,1,C0120,2007.0,1.0,1941-12-01,0,USA,California,investment,4.0,0.0,website,Jack Hanson,65.0,"(65.0, 70.0]","(285847.138, 327917.905]"
3018,3,2007-08-01,apartment,18,923.21,293828.69,1,C0120,2007.0,1.0,1941-12-01,0,USA,California,investment,4.0,0.0,website,Jack Hanson,65.0,"(65.0, 70.0]","(285847.138, 327917.905]"
1033,1,2004-08-01,apartment,33,1434.09,412856.56,1,C0005,2004.0,1.0,1937-01-20,0,USA,Nevada,home,2.0,1.0,website,Rodolfo Gibson,67.0,"(65.0, 70.0]","(412059.439, 454130.206]"
1016,1,2006-02-01,apartment,16,782.25,224076.84,1,C0032,2006.0,1.0,1939-09-03,1,USA,California,investment,5.0,0.0,website,Olivia Oconnell,66.0,"(65.0, 70.0]","(201705.604, 243776.371]"
3005,3,2006-03-01,apartment,5,781.07,258015.61,1,C0126,2006.0,1.0,1939-06-30,1,USA,Oregon,investment,3.0,1.0,website,Crystal Wyatt,66.0,"(65.0, 70.0]","(243776.371, 285847.138]"
5019,5,2007-06-01,apartment,19,618.38,153466.71,1,C0106,2007.0,1.0,1939-03-05,0,USA,Utah,investment,2.0,0.0,agency,Ruben Melton,68.0,"(65.0, 70.0]","(117143.362, 159634.837]"
3002,3,2007-08-01,apartment,2,923.21,261871.7,1,C0115,2007.0,1.0,1938-10-29,0,USA,California,home,5.0,0.0,website,Issac Edwards,68.0,"(65.0, 70.0]","(243776.371, 285847.138]"
3004,3,2007-08-01,apartment,4,781.07,210038.7,1,C0115,2007.0,1.0,1938-10-29,0,USA,California,home,5.0,0.0,website,Issac Edwards,68.0,"(65.0, 70.0]","(201705.604, 243776.371]"
3012,3,2007-10-01,apartment,12,781.07,210824.06,1,C0129,2007.0,1.0,1938-06-09,0,USA,Oregon,investment,3.0,0.0,website,Jesus Obrien,69.0,"(65.0, 70.0]","(201705.604, 243776.371]"
3048,3,2007-10-01,apartment,48,781.07,249075.66,1,C0129,2007.0,1.0,1938-06-09,0,USA,Oregon,investment,3.0,0.0,website,Jesus Obrien,69.0,"(65.0, 70.0]","(243776.371, 285847.138]"
3008,3,2007-06-01,apartment,8,697.89,219865.76,1,C0103,2007.0,1.0,1936-08-13,0,USA,Oregon,investment,2.0,0.0,website,Jamal Mueller,70.0,"(65.0, 70.0]","(201705.604, 243776.371]"
3040,3,2007-06-01,apartment,40,670.89,204292.49,1,C0103,2007.0,1.0,1936-08-13,0,USA,Oregon,investment,2.0,0.0,website,Jamal Mueller,70.0,"(65.0, 70.0]","(201705.604, 243776.371]"
1023,1,2005-04-01,apartment,23,782.25,261579.89,1,C0021,2005.0,1.0,1932-06-13,1,Russia,,investment,3.0,0.0,website,Kaylin Villarreal,72.0,"(70.0, 76.0]","(243776.371, 285847.138]"
3009,3,2006-05-01,apartment,9,743.41,222867.42,1,C0148,2006.0,1.0,1933-05-05,1,USA,California,investment,5.0,1.0,agency,Myah Roman,72.0,"(70.0, 76.0]","(201705.604, 243776.371]"
3052,3,2006-03-01,apartment,52,923.21,291494.36,1,C0172,2006.0,1.0,1933-06-08,0,USA,California,home,4.0,1.0,agency,Henry Kennedy,72.0,"(70.0, 76.0]","(285847.138, 327917.905]"
3025,3,2007-06-01,apartment,25,923.21,296483.14,1,C0104,2007.0,1.0,1931-02-13,1,USA,Arizona,home,3.0,0.0,website,Diana Hunt,76.0,"(70.0, 76.0]","(285847.138, 327917.905]"
5052,5,,apartment,52,1769.48,532877.38,0,,,,,,,,,,,,,,,"(496200.973, 538271.74]"
1005,1,2004-03-01,office,5,410.71,117564.07,1,C0001,2004.0,0.0,,,USA,California,investment,5.0,0.0,agency,Kamd Co,,,"(117143.362, 159634.837]"
1009,1,2004-11-01,office,9,1200.82,317196.4,1,C0012,2004.0,0.0,,,USA,Nevada,investment,5.0,0.0,website,Bridger CAL Co,,,"(285847.138, 327917.905]"
1009,1,2004-11-01,office,10,800.96,264142.16,1,C0012,2004.0,0.0,,,USA,Nevada,investment,5.0,0.0,website,Bridger CAL Co,,,"(243776.371, 285847.138]"
1011,1,2005-09-01,office,11,827.87,222947.21,1,C0025,2005.0,0.0,,,USA,Nevada,investment,5.0,1.0,website,Abdiel Co,,,"(201705.604, 243776.371]"
1007,1,2005-12-01,apartment,7,775.69,250312.53,1,C0029,2005.0,0.0,,,USA,California,investment,1.0,1.0,website,Kenyon Co,,,"(243776.371, 285847.138]"
1008,1,2005-12-01,office,8,775.69,246050.4,1,C0029,2005.0,0.0,,,USA,California,investment,1.0,1.0,website,Kenyon Co,,,"(243776.371, 285847.138]"
2038,2,2006-10-01,apartment,38,1604.75,529317.28,1,C0055,2006.0,0.0,,,USA,California,investment,5.0,0.0,website,Kylax Co,,,"(496200.973, 538271.74]"
2001,2,2004-03-01,apartment,1,587.28,169158.29,1,C0121,2004.0,0.0,,,USA,California,home,3.0,1.0,website,Esther Co,,,"(159634.837, 201705.604]"
1013,1,2005-07-01,apartment,13,756.21,206958.71,1,C0174,2005.0,0.0,,,USA,California,investment,5.0,0.0,website,Marleez Co,,,"(201705.604, 243776.371]"
1014,1,2005-07-01,apartment,14,743.09,206445.42,1,C0174,2005.0,0.0,,,USA,California,investment,5.0,0.0,website,Marleez Co,,,"(201705.604, 243776.371]"
1019,1,2005-07-01,apartment,19,827.87,239341.58,1,C0174,2005.0,0.0,,,USA,California,investment,5.0,0.0,website,Marleez Co,,,"(201705.604, 243776.371]"
1020,1,2005-07-01,apartment,20,1160.36,398903.42,1,C0174,2005.0,0.0,,,USA,California,investment,5.0,0.0,website,Marleez Co,,,"(369988.672, 412059.439]"
1022,1,2005-07-01,apartment,22,743.09,210745.17,1,C0174,2005.0,0.0,,,USA,California,investment,5.0,0.0,website,Marleez Co,,,"(201705.604, 243776.371]"
1028,1,2005-07-01,apartment,28,1160.36,331154.88,1,C0174,2005.0,0.0,,,USA,California,investment,5.0,0.0,website,Marleez Co,,,"(327917.905, 369988.672]"
1034,1,2005-07-01,apartment,34,625.8,204434.68,1,C0174,2005.0,0.0,,,USA,California,investment,5.0,0.0,website,Marleez Co,,,"(201705.604, 243776.371]"
1037,1,2005-07-01,apartment,37,756.21,189194.31,1,C0174,2005.0,0.0,,,USA,California,investment,5.0,0.0,website,Marleez Co,,,"(159634.837, 201705.604]"
1042,1,2005-07-01,apartment,42,625.8,204027.09,1,C0174,2005.0,0.0,,,USA,California,investment,5.0,0.0,website,Marleez Co,,,"(201705.604, 243776.371]"
1002,1,,apartment,2,1238.58,400865.92,0,,,,,,,,,,,,,,,"(369988.672, 412059.439]"
1003,1,,office,3,713.71,217787.71,0,,,,,,,,,,,,,,,"(201705.604, 243776.371]"
1008,1,,apartment,8,763.21,219630.9,0,,,,,,,,,,,,,,,"(201705.604, 243776.371]"
1019,1,,apartment,19,798.5,244624.87,0,,,,,,,,,,,,,,,"(243776.371, 285847.138]"
1042,1,,apartment,42,618.38,163162.88,0,,,,,,,,,,,,,,,"(159634.837, 201705.604]"
1047,1,,apartment,47,1479.72,401302.82,0,,,,,,,,,,,,,,,"(369988.672, 412059.439]"
2045,2,,apartment,45,1603.99,538271.74,0,,,,,,,,,,,,,,,"(496200.973, 538271.74]"
2052,2,,apartment,52,1615.29,461464.99,0,,,,,,,,,,,,,,,"(454130.206, 496200.973]"
2053,2,,apartment,53,784.19,275812.49,0,,,,,,,,,,,,,,,"(243776.371, 285847.138]"
3007,3,,apartment,7,720.38,216552.71,0,,,,,,,,,,,,,,,"(201705.604, 243776.371]"
3024,3,,apartment,24,1596.35,495570.44,0,,,,,,,,,,,,,,,"(454130.206, 496200.973]"
3029,3,,apartment,29,1121.95,388656.81,0,,,,,,,,,,,,,,,"(369988.672, 412059.439]"
3031,3,,apartment,31,1596.35,495024.09,0,,,,,,,,,,,,,,,"(454130.206, 496200.973]"
3038,3,,apartment,38,1596.35,526947.16,0,,,,,,,,,,,,,,,"(496200.973, 538271.74]"
3049,3,,apartment,49,1273.88,427236.1,0,,,,,,,,,,,,,,,"(412059.439, 454130.206]"
3050,3,,apartment,50,966.57,327044.37,0,,,,,,,,,,,,,,,"(285847.138, 327917.905]"
3051,3,,apartment,51,1357.16,385447.69,0,,,,,,,,,,,,,,,"(369988.672, 412059.439]"
3056,3,,apartment,56,1343.39,401894.82,0,,,,,,,,,,,,,,,"(369988.672, 412059.439]"
3058,3,,apartment,58,758.69,264275.78,0,,,,,,,,,,,,,,,"(243776.371, 285847.138]"
4002,4,,apartment,2,789.25,231348.93,0,,,,,,,,,,,,,,,"(201705.604, 243776.371]"
4009,4,,apartment,9,789.25,264238.95,0,,,,,,,,,,,,,,,"(243776.371, 285847.138]"
4013,4,,apartment,13,733.19,217357.63,0,,,,,,,,,,,,,,,"(201705.604, 243776.371]"
4014,4,,apartment,14,1611.85,482404.31,0,,,,,,,,,,,,,,,"(454130.206, 496200.973]"
4015,4,,apartment,15,789.25,228937.9,0,,,,,,,,,,,,,,,"(201705.604, 243776.371]"
4020,4,,apartment,20,1611.85,498994.03,0,,,,,,,,,,,,,,,"(496200.973, 538271.74]"
4021,4,,apartment,21,789.25,256376.28,0,,,,,,,,,,,,,,,"(243776.371, 285847.138]"
4023,4,,apartment,23,794.52,255243.11,0,,,,,,,,,,,,,,,"(243776.371, 285847.138]"
4026,4,,apartment,26,1611.85,506786.66,0,,,,,,,,,,,,,,,"(496200.973, 538271.74]"
4027,4,,apartment,27,789.25,233172.49,0,,,,,,,,,,,,,,,"(201705.604, 243776.371]"
4029,4,,apartment,29,794.52,233834.0,0,,,,,,,,,,,,,,,"(201705.604, 243776.371]"
4032,4,,apartment,32,1611.85,523373.45,0,,,,,,,,,,,,,,,"(496200.973, 538271.74]"
4033,4,,apartment,33,789.25,228872.91,0,,,,,,,,,,,,,,,"(201705.604, 243776.371]"
4034,4,,apartment,34,794.52,208655.67,0,,,,,,,,,,,,,,,"(201705.604, 243776.371]"
4036,4,,apartment,36,1111.72,322952.56,0,,,,,,,,,,,,,,,"(285847.138, 327917.905]"
4039,4,,apartment,39,785.48,216826.0,0,,,,,,,,,,,,,,,"(201705.604, 243776.371]"
4044,4,,apartment,44,1058.25,298730.4,0,,,,,,,,,,,,,,,"(285847.138, 327917.905]"
4046,4,,apartment,46,791.72,230495.01,0,,,,,,,,,,,,,,,"(201705.604, 243776.371]"
4048,4,,apartment,48,1068.58,346048.04,0,,,,,,,,,,,,,,,"(327917.905, 369988.672]"
4049,4,,apartment,49,1325.31,377043.6,0,,,,,,,,,,,,,,,"(369988.672, 412059.439]"
5002,5,,apartment,2,1273.88,413761.71,0,,,,,,,,,,,,,,,"(412059.439, 454130.206]"
5003,5,,apartment,3,798.5,212644.39,0,,,,,,,,,,,,,,,"(201705.604, 243776.371]"
5004,5,,apartment,4,798.5,250415.38,0,,,,,,,,,,,,,,,"(243776.371, 285847.138]"
5005,5,,apartment,5,798.5,219252.89,0,,,,,,,,,,,,,,,"(201705.604, 243776.371]"
5006,5,,apartment,6,1058.25,264011.7,0,,,,,,,,,,,,,,,"(243776.371, 285847.138]"
5007,5,,apartment,7,618.16,211406.87,0,,,,,,,,,,,,,,,"(201705.604, 243776.371]"
5008,5,,apartment,8,1273.88,396330.29,0,,,,,,,,,,,,,,,"(369988.672, 412059.439]"
5009,5,,apartment,9,798.5,227072.88,0,,,,,,,,,,,,,,,"(201705.604, 243776.371]"
5010,5,,apartment,10,798.5,276323.87,0,,,,,,,,,,,,,,,"(243776.371, 285847.138]"
5011,5,,apartment,11,798.5,230943.38,0,,,,,,,,,,,,,,,"(201705.604, 243776.371]"
5012,5,,apartment,12,1058.25,315382.11,0,,,,,,,,,,,,,,,"(285847.138, 327917.905]"
5014,5,,apartment,14,1273.55,372016.56,0,,,,,,,,,,,,,,,"(369988.672, 412059.439]"
5015,5,,apartment,15,798.5,237680.88,0,,,,,,,,,,,,,,,"(201705.604, 243776.371]"
5016,5,,apartment,16,798.5,234032.88,0,,,,,,,,,,,,,,,"(201705.604, 243776.371]"
5017,5,,apartment,17,798.28,273165.58,0,,,,,,,,,,,,,,,"(243776.371, 285847.138]"
5018,5,,apartment,18,1057.92,271227.49,0,,,,,,,,,,,,,,,"(243776.371, 285847.138]"
5020,5,,apartment,20,1273.55,349865.22,0,,,,,,,,,,,,,,,"(327917.905, 369988.672]"
5025,5,,apartment,25,618.16,199730.73,0,,,,,,,,,,,,,,,"(159634.837, 201705.604]"
5026,5,,apartment,26,1273.55,338482.45,0,,,,,,,,,,,,,,,"(327917.905, 369988.672]"
5030,5,,apartment,30,1057.92,351304.58,0,,,,,,,,,,,,,,,"(327917.905, 369988.672]"
5032,5,,apartment,32,1273.55,338472.13,0,,,,,,,,,,,,,,,"(327917.905, 369988.672]"
5034,5,,apartment,34,798.28,212916.36,0,,,,,,,,,,,,,,,"(201705.604, 243776.371]"
5036,5,,apartment,36,1057.92,308660.8,0,,,,,,,,,,,,,,,"(285847.138, 327917.905]"
5037,5,,apartment,37,606.33,147343.69,0,,,,,,,,,,,,,,,"(117143.362, 159634.837]"
5038,5,,apartment,38,1273.55,448574.67,0,,,,,,,,,,,,,,,"(412059.439, 454130.206]"
5041,5,,apartment,41,798.28,255337.9,0,,,,,,,,,,,,,,,"(243776.371, 285847.138]"
5043,5,,apartment,43,598.58,175773.59,0,,,,,,,,,,,,,,,"(159634.837, 201705.604]"
5044,5,,apartment,44,1238.58,322610.74,0,,,,,,,,,,,,,,,"(285847.138, 327917.905]"
5047,5,,apartment,47,794.52,279191.26,0,,,,,,,,,,,,,,,"(243776.371, 285847.138]"
5048,5,,apartment,48,1013.27,287996.53,0,,,,,,,,,,,,,,,"(285847.138, 327917.905]"
5050,5,,apartment,50,1074.71,365868.78,0,,,,,,,,,,,,,,,"(327917.905, 369988.672]"
5051,5,,apartment,51,789.25,199216.4,0,,,,,,,,,,,,,,,"(159634.837, 201705.604]"
